<?xml version="1.0" encoding="UTF-8"?>
<GenRun Id="impl_1" LaunchPart="xc7a100tcsg324-1" LaunchTime="1748932351">
  <File Type="PWROPT-DCP" Name="seg_led_top_pwropt.dcp"/>
  <File Type="ROUTE-PWR" Name="seg_led_top_power_routed.rpt"/>
  <File Type="PA-TCL" Name="seg_led_top.tcl"/>
  <File Type="ROUTE-PWR-SUM" Name="seg_led_top_power_summary_routed.pb"/>
  <File Type="REPORTS-TCL" Name="seg_led_top_reports.tcl"/>
  <File Type="BG-DRC" Name="seg_led_top.drc"/>
  <File Type="OPT-METHODOLOGY-DRC" Name="seg_led_top_methodology_drc_opted.rpt"/>
  <File Type="INIT-TIMING" Name="seg_led_top_timing_summary_init.rpt"/>
  <File Type="OPT-HWDEF" Name="seg_led_top.hwdef"/>
  <File Type="OPT-DCP" Name="seg_led_top_opt.dcp"/>
  <File Type="OPT-DRC" Name="seg_led_top_drc_opted.rpt"/>
  <File Type="OPT-TIMING" Name="seg_led_top_timing_summary_opted.rpt"/>
  <File Type="PWROPT-DRC" Name="seg_led_top_drc_pwropted.rpt"/>
  <File Type="PWROPT-TIMING" Name="seg_led_top_timing_summary_pwropted.rpt"/>
  <File Type="PLACE-DCP" Name="seg_led_top_placed.dcp"/>
  <File Type="PLACE-IO" Name="seg_led_top_io_placed.rpt"/>
  <File Type="PLACE-CLK" Name="seg_led_top_clock_utilization_placed.rpt"/>
  <File Type="PLACE-UTIL" Name="seg_led_top_utilization_placed.rpt"/>
  <File Type="PLACE-UTIL-PB" Name="seg_led_top_utilization_placed.pb"/>
  <File Type="PLACE-CTRL" Name="seg_led_top_control_sets_placed.rpt"/>
  <File Type="PLACE-SIMILARITY" Name="seg_led_top_incremental_reuse_placed.rpt"/>
  <File Type="PLACE-PRE-SIMILARITY" Name="seg_led_top_incremental_reuse_pre_placed.rpt"/>
  <File Type="PLACE-TIMING" Name="seg_led_top_timing_summary_placed.rpt"/>
  <File Type="POSTPLACE-PWROPT-DCP" Name="seg_led_top_postplace_pwropt.dcp"/>
  <File Type="POSTPLACE-PWROPT-TIMING" Name="seg_led_top_timing_summary_postplace_pwropted.rpt"/>
  <File Type="PHYSOPT-DCP" Name="seg_led_top_physopt.dcp"/>
  <File Type="PHYSOPT-DRC" Name="seg_led_top_drc_physopted.rpt"/>
  <File Type="BG-BIT" Name="seg_led_top.bit"/>
  <File Type="PHYSOPT-TIMING" Name="seg_led_top_timing_summary_physopted.rpt"/>
  <File Type="ROUTE-ERROR-DCP" Name="seg_led_top_routed_error.dcp"/>
  <File Type="ROUTE-DCP" Name="seg_led_top_routed.dcp"/>
  <File Type="ROUTE-BLACKBOX-DCP" Name="seg_led_top_routed_bb.dcp"/>
  <File Type="ROUTE-DRC" Name="seg_led_top_drc_routed.rpt"/>
  <File Type="ROUTE-DRC-PB" Name="seg_led_top_drc_routed.pb"/>
  <File Type="BITSTR-MSK" Name="seg_led_top.msk"/>
  <File Type="ROUTE-DRC-RPX" Name="seg_led_top_drc_routed.rpx"/>
  <File Type="BG-BGN" Name="seg_led_top.bgn"/>
  <File Type="ROUTE-METHODOLOGY-DRC" Name="seg_led_top_methodology_drc_routed.rpt"/>
  <File Type="BITSTR-RBT" Name="seg_led_top.rbt"/>
  <File Type="ROUTE-METHODOLOGY-DRC-RPX" Name="seg_led_top_methodology_drc_routed.rpx"/>
  <File Type="BG-BIN" Name="seg_led_top.bin"/>
  <File Type="ROUTE-METHODOLOGY-DRC-PB" Name="seg_led_top_methodology_drc_routed.pb"/>
  <File Type="ROUTE-PWR-RPX" Name="seg_led_top_power_routed.rpx"/>
  <File Type="ROUTE-STATUS" Name="seg_led_top_route_status.rpt"/>
  <File Type="ROUTE-STATUS-PB" Name="seg_led_top_route_status.pb"/>
  <File Type="ROUTE-TIMINGSUMMARY" Name="seg_led_top_timing_summary_routed.rpt"/>
  <File Type="ROUTE-TIMING-PB" Name="seg_led_top_timing_summary_routed.pb"/>
  <File Type="ROUTE-TIMING-RPX" Name="seg_led_top_timing_summary_routed.rpx"/>
  <File Type="ROUTE-SIMILARITY" Name="seg_led_top_incremental_reuse_routed.rpt"/>
  <File Type="RDI-RDI" Name="seg_led_top.vdi"/>
  <File Type="ROUTE-CLK" Name="seg_led_top_clock_utilization_routed.rpt"/>
  <File Type="POSTROUTE-PHYSOPT-DCP" Name="seg_led_top_postroute_physopt.dcp"/>
  <File Type="POSTROUTE-PHYSOPT-BLACKBOX-DCP" Name="seg_led_top_postroute_physopt_bb.dcp"/>
  <File Type="POSTROUTE-PHYSOPT-TIMING" Name="seg_led_top_timing_summary_postroute_physopted.rpt"/>
  <File Type="POSTROUTE-PHYSOPT-TIMING-PB" Name="seg_led_top_timing_summary_postroute_physopted.pb"/>
  <File Type="POSTROUTE-PHYSOPT-TIMING-RPX" Name="seg_led_top_timing_summary_postroute_physopted.rpx"/>
  <File Type="BITSTR-NKY" Name="seg_led_top.nky"/>
  <File Type="BITSTR-BMM" Name="seg_led_top_bd.bmm"/>
  <File Type="BITSTR-MMI" Name="seg_led_top.mmi"/>
  <File Type="BITSTR-LTX" Name="debug_nets.ltx"/>
  <File Type="BITSTR-LTX" Name="seg_led_top.ltx"/>
  <File Type="BITSTR-SYSDEF" Name="seg_led_top.sysdef"/>
  <File Type="WBT-USG" Name="usage_statistics_webtalk.html"/>
  <FileSet Name="sources" Type="DesignSrcs" RelSrcDir="$PSRCDIR/sources_1">
    <Filter Type="Srcs"/>
    <File Path="$PSRCDIR/sources_1/new/count.v">
      <FileInfo>
        <Attr Name="UsedIn" Val="synthesis"/>
        <Attr Name="UsedIn" Val="implementation"/>
        <Attr Name="UsedIn" Val="simulation"/>
      </FileInfo>
    </File>
    <File Path="$PSRCDIR/sources_1/new/seg_led.v">
      <FileInfo>
        <Attr Name="UsedIn" Val="synthesis"/>
        <Attr Name="UsedIn" Val="implementation"/>
        <Attr Name="UsedIn" Val="simulation"/>
      </FileInfo>
    </File>
    <File Path="$PSRCDIR/sources_1/new/seg_led_top.v">
      <FileInfo>
        <Attr Name="UsedIn" Val="synthesis"/>
        <Attr Name="UsedIn" Val="implementation"/>
        <Attr Name="UsedIn" Val="simulation"/>
      </FileInfo>
    </File>
    <Config>
      <Option Name="DesignMode" Val="RTL"/>
      <Option Name="TopModule" Val="seg_led_top"/>
      <Option Name="TopAutoSet" Val="TRUE"/>
    </Config>
  </FileSet>
  <FileSet Name="constrs_in" Type="Constrs" RelSrcDir="$PSRCDIR/constrs_1">
    <Filter Type="Constrs"/>
    <File Path="$PSRCDIR/constrs_1/new/PIN.xdc">
      <FileInfo>
        <Attr Name="UsedIn" Val="synthesis"/>
        <Attr Name="UsedIn" Val="implementation"/>
      </FileInfo>
    </File>
    <Config>
      <Option Name="ConstrsType" Val="XDC"/>
    </Config>
  </FileSet>
  <Strategy Version="1" Minor="2">
    <StratHandle Name="Vivado Implementation Defaults" Flow="Vivado Implementation 2017">
      <Desc>Default settings for Implementation.</Desc>
    </StratHandle>
    <Step Id="init_design"/>
    <Step Id="opt_design"/>
    <Step Id="power_opt_design"/>
    <Step Id="place_design"/>
    <Step Id="post_place_power_opt_design"/>
    <Step Id="phys_opt_design"/>
    <Step Id="route_design"/>
    <Step Id="post_route_phys_opt_design"/>
    <Step Id="write_bitstream"/>
  </Strategy>
</GenRun>
