<?xml version="1.0" encoding="UTF-8"?>
<GenRun Id="impl_1" LaunchPart="xc7a100tcsg324-1" LaunchTime="1748340468">
  <File Type="PWROPT-DCP" Name="counter8_pwropt.dcp"/>
  <File Type="ROUTE-PWR" Name="counter8_power_routed.rpt"/>
  <File Type="PA-TCL" Name="counter8.tcl"/>
  <File Type="ROUTE-PWR-SUM" Name="counter8_power_summary_routed.pb"/>
  <File Type="REPORTS-TCL" Name="counter8_reports.tcl"/>
  <File Type="BG-DRC" Name="counter8.drc"/>
  <File Type="OPT-METHODOLOGY-DRC" Name="counter8_methodology_drc_opted.rpt"/>
  <File Type="INIT-TIMING" Name="counter8_timing_summary_init.rpt"/>
  <File Type="OPT-HWDEF" Name="counter8.hwdef"/>
  <File Type="OPT-DCP" Name="counter8_opt.dcp"/>
  <File Type="OPT-DRC" Name="counter8_drc_opted.rpt"/>
  <File Type="OPT-TIMING" Name="counter8_timing_summary_opted.rpt"/>
  <File Type="PWROPT-DRC" Name="counter8_drc_pwropted.rpt"/>
  <File Type="PWROPT-TIMING" Name="counter8_timing_summary_pwropted.rpt"/>
  <File Type="PLACE-DCP" Name="counter8_placed.dcp"/>
  <File Type="PLACE-IO" Name="counter8_io_placed.rpt"/>
  <File Type="PLACE-CLK" Name="counter8_clock_utilization_placed.rpt"/>
  <File Type="PLACE-UTIL" Name="counter8_utilization_placed.rpt"/>
  <File Type="PLACE-UTIL-PB" Name="counter8_utilization_placed.pb"/>
  <File Type="PLACE-CTRL" Name="counter8_control_sets_placed.rpt"/>
  <File Type="PLACE-SIMILARITY" Name="counter8_incremental_reuse_placed.rpt"/>
  <File Type="PLACE-PRE-SIMILARITY" Name="counter8_incremental_reuse_pre_placed.rpt"/>
  <File Type="PLACE-TIMING" Name="counter8_timing_summary_placed.rpt"/>
  <File Type="POSTPLACE-PWROPT-DCP" Name="counter8_postplace_pwropt.dcp"/>
  <File Type="POSTPLACE-PWROPT-TIMING" Name="counter8_timing_summary_postplace_pwropted.rpt"/>
  <File Type="PHYSOPT-DCP" Name="counter8_physopt.dcp"/>
  <File Type="PHYSOPT-DRC" Name="counter8_drc_physopted.rpt"/>
  <File Type="BG-BIT" Name="counter8.bit"/>
  <File Type="PHYSOPT-TIMING" Name="counter8_timing_summary_physopted.rpt"/>
  <File Type="ROUTE-ERROR-DCP" Name="counter8_routed_error.dcp"/>
  <File Type="ROUTE-DCP" Name="counter8_routed.dcp"/>
  <File Type="ROUTE-BLACKBOX-DCP" Name="counter8_routed_bb.dcp"/>
  <File Type="ROUTE-DRC" Name="counter8_drc_routed.rpt"/>
  <File Type="ROUTE-DRC-PB" Name="counter8_drc_routed.pb"/>
  <File Type="BITSTR-MSK" Name="counter8.msk"/>
  <File Type="ROUTE-DRC-RPX" Name="counter8_drc_routed.rpx"/>
  <File Type="BG-BGN" Name="counter8.bgn"/>
  <File Type="ROUTE-METHODOLOGY-DRC" Name="counter8_methodology_drc_routed.rpt"/>
  <File Type="BITSTR-RBT" Name="counter8.rbt"/>
  <File Type="ROUTE-METHODOLOGY-DRC-RPX" Name="counter8_methodology_drc_routed.rpx"/>
  <File Type="BG-BIN" Name="counter8.bin"/>
  <File Type="ROUTE-METHODOLOGY-DRC-PB" Name="counter8_methodology_drc_routed.pb"/>
  <File Type="ROUTE-PWR-RPX" Name="counter8_power_routed.rpx"/>
  <File Type="ROUTE-STATUS" Name="counter8_route_status.rpt"/>
  <File Type="ROUTE-STATUS-PB" Name="counter8_route_status.pb"/>
  <File Type="ROUTE-TIMINGSUMMARY" Name="counter8_timing_summary_routed.rpt"/>
  <File Type="ROUTE-TIMING-PB" Name="counter8_timing_summary_routed.pb"/>
  <File Type="ROUTE-TIMING-RPX" Name="counter8_timing_summary_routed.rpx"/>
  <File Type="ROUTE-SIMILARITY" Name="counter8_incremental_reuse_routed.rpt"/>
  <File Type="RDI-RDI" Name="counter8.vdi"/>
  <File Type="ROUTE-CLK" Name="counter8_clock_utilization_routed.rpt"/>
  <File Type="POSTROUTE-PHYSOPT-DCP" Name="counter8_postroute_physopt.dcp"/>
  <File Type="POSTROUTE-PHYSOPT-BLACKBOX-DCP" Name="counter8_postroute_physopt_bb.dcp"/>
  <File Type="POSTROUTE-PHYSOPT-TIMING" Name="counter8_timing_summary_postroute_physopted.rpt"/>
  <File Type="POSTROUTE-PHYSOPT-TIMING-PB" Name="counter8_timing_summary_postroute_physopted.pb"/>
  <File Type="POSTROUTE-PHYSOPT-TIMING-RPX" Name="counter8_timing_summary_postroute_physopted.rpx"/>
  <File Type="BITSTR-NKY" Name="counter8.nky"/>
  <File Type="BITSTR-BMM" Name="counter8_bd.bmm"/>
  <File Type="BITSTR-MMI" Name="counter8.mmi"/>
  <File Type="BITSTR-LTX" Name="debug_nets.ltx"/>
  <File Type="BITSTR-LTX" Name="counter8.ltx"/>
  <File Type="BITSTR-SYSDEF" Name="counter8.sysdef"/>
  <File Type="WBT-USG" Name="usage_statistics_webtalk.html"/>
  <FileSet Name="sources" Type="DesignSrcs" RelSrcDir="$PSRCDIR/sources_1">
    <Filter Type="Srcs"/>
    <File Path="$PSRCDIR/sources_1/new/counter8.v">
      <FileInfo>
        <Attr Name="UsedIn" Val="synthesis"/>
        <Attr Name="UsedIn" Val="implementation"/>
        <Attr Name="UsedIn" Val="simulation"/>
      </FileInfo>
    </File>
    <Config>
      <Option Name="DesignMode" Val="RTL"/>
      <Option Name="TopModule" Val="counter8"/>
      <Option Name="TopAutoSet" Val="TRUE"/>
    </Config>
  </FileSet>
  <FileSet Name="constrs_in" Type="Constrs" RelSrcDir="$PSRCDIR/constrs_1">
    <Filter Type="Constrs"/>
    <File Path="$PSRCDIR/constrs_1/new/counter8.xdc">
      <FileInfo>
        <Attr Name="UsedIn" Val="synthesis"/>
        <Attr Name="UsedIn" Val="implementation"/>
      </FileInfo>
    </File>
    <Config>
      <Option Name="ConstrsType" Val="XDC"/>
    </Config>
  </FileSet>
  <Strategy Version="1" Minor="2">
    <StratHandle Name="Vivado Implementation Defaults" Flow="Vivado Implementation 2017">
      <Desc>Default settings for Implementation.</Desc>
    </StratHandle>
    <Step Id="init_design"/>
    <Step Id="opt_design"/>
    <Step Id="power_opt_design"/>
    <Step Id="place_design"/>
    <Step Id="post_place_power_opt_design"/>
    <Step Id="phys_opt_design"/>
    <Step Id="route_design"/>
    <Step Id="post_route_phys_opt_design"/>
    <Step Id="write_bitstream"/>
  </Strategy>
</GenRun>
